{"cameraMode":{"drawMode":0,"name":"Shaded","section":"Shading Mode"},"sceneLighting":true,"audioPlay":false,"sceneViewState":{"m_AlwaysRefresh":false,"showFog":true,"showSkybox":true,"showFlares":true,"showImageEffects":true,"showParticleSystems":true,"showVisualEffectGraphs":true,"m_FxEnabled":true},"in2DMode":false,"pivot":{"x":-15.753111839294434,"y":12.145242691040039,"z":9.816059112548829},"rotation":{"x":-0.026854105293750764,"y":0.5087913274765015,"z":0.015859857201576234,"w":0.8604193329811096},"size":2.023735761642456,"orthographic":false}