{"cameraMode":{"drawMode":0,"name":"Shaded","section":"Shading Mode"},"sceneLighting":true,"audioPlay":false,"sceneViewState":{"m_AlwaysRefresh":false,"showFog":true,"showSkybox":true,"showFlares":true,"showImageEffects":true,"showParticleSystems":true,"showVisualEffectGraphs":true,"m_FxEnabled":true},"in2DMode":false,"pivot":{"x":-13.885169982910157,"y":-0.11498299241065979,"z":0.6886757016181946},"rotation":{"x":0.025903603062033654,"y":0.6986032128334045,"z":-0.025437012314796449,"w":0.7147021293640137},"size":2.9749529361724855,"orthographic":false}